,text,stars,months_ago,summary
0,"We love The Old Phoenix - this is the fourth time we‚Äôve visited in the last ten years or so. It‚Äôs secluded and quiet, and the swimming in the bay is sublime. If you‚Äôre expecting five-star luxury, go somewhere else; this is a traditional ‚Ä¶",5,5,"The Old Phoenix is secluded and quiet, and the swimming in the bay is sublime.
If you‚Äôre expecting five-star luxury, go somewhere else; this is a traditional ‚Ä¶"
1,"What a disappointment. We have wanted to stay here for years but it was not a nice experience. Fine for a day at the beach and lunch at the taverna but don‚Äôt expect friendly service, the waiters couldn‚Äôt care less. And do not stay here! ‚Ä¶",1,4,"We have wanted to stay here for years but it was not a nice experience.
Fine for a day at the beach and lunch at the taverna but don't expect friendly service, the waiters couldn't care less. And do not stay here! ‚Ä¶"
2,"We walked over to Fenix from Loutro and stayed the day on the beach by the Old Phoenix. Wonderful small stony beach, clean clear water and very quiet. Had lunch in the restaurant that was very good, fresh local ingredients and lovely ‚Ä¶",5,6,"We walked over to Fenix from Loutro and stayed the day on the beach by the Old Phoenix.
Had lunch in the restaurant that was very good, fresh local ingredients and lovely ‚Ä¶"
3,"The Old Phoenix was the low point of our two week vacation. Our room looked nothing like the photos. No art on the walls, fluorescent blue lights (and fluorescent reading lights, well, only one worked, that were brighter than the ‚Ä¶",1,5,"The Old Phoenix was the low point of our two week vacation.
Our room looked nothing like the photos.
No art on the walls, fluorescent blue lights (and fluorescent reading lights)"
4,"I had a fantastic time at Old-Phoenix!
The beautiful beach on site provided the perfect backdrop for a relaxing vacation. ‚Ä¶",5,7,"""The beautiful beach on site provided the perfect backdrop for a relaxing vacation"""
5,"On the way from Marmara to Loutro I stopped for breakfast. I had a coffee and a yogurt, finally after 30 minutes the yogurt didn't arrive, so I went to the boss to pay for my coffee and everything was fine.  Then the waiter came and ‚Ä¶",1,6,"Loutro is a Spanish restaurant chain based in Loutro, Spain.
The chain is known for its high-end dining.
It's also known as Marmara."
6,If you are looking for a get away from it all travelling experience then look no further. The location and view is absolutely stunning. We originally came here because it‚Äôs a great base for walking but increasingly we like chilling out and ‚Ä¶,5,6,"The location and view is absolutely stunning.
We originally came here because it‚Äôs a great base for walking but increasingly we like chilling out and ‚Ä¶"
7,Amazing place with nice people running it! Very good (and affordable) connections by boat to the surrounding beaches ‚ò∫Ô∏è ‚Ä¶,5,7,Amazing place with nice people running it! Very good (and affordable) connections by boat to the surrounding beaches ‚ò∫Ô∏è ‚Ä¶
8,When the small boat takes you into Finix Bay it‚Äôs taking you back to how Greece used to be before mass tourism. A wonderfully relaxing traditional place with lots of outdoor activity in the surrounding mountains,5,6,"Finix Bay is a wonderfully relaxing traditional place with lots of outdoor activity.
The small boat takes you into Finix Bay it‚Äôs taking you back to how Greece used to be before mass tourism."
9,I recommend this place for those who love to swim in the warm Mediterrian sea in October and for those who love the smell of Crete in the autumn. This is definitely the best place ever for staying for hours on a small and beautiful beach ‚Ä¶,5,12,"This is definitely the best place ever for staying for hours on a small and beautiful beach.
I recommend this place for those who love to swim in the warm Mediterrian sea in October."
10,"Didn't stay at the hotel but did eat at the restaurant. Service was bad, food just ok. Do yourself a favor and take a 20 minute walk west and eat at Nikos Small Paradise instead. They actually appreciate your business.",1,7,"Didn't stay at the hotel but did eat at the restaurant.
Service was bad, food just ok. Do yourself a favor and take a 20 minute walk west and eat at Nikos Small Paradise instead.
They actually appreciate your business."
11,"Actually, you can read it all at the homepage of The Old Phoenix, it is a very good and precise description. |It is a really nice, very laid back place, beautifully situated in the bottom of the small bay of Finix. The rooms are small and ‚Ä¶",4,12,"The Old Phoenix is a really nice, very laid back place, beautifully situated in the bottom of the small bay of Finix.
The rooms are small and ‚Ä¶"
12,"So now I'm back again at Old Phonix. If you want details you can read my review from 2017, because it hasn't changed much. And that is what's so lovely about it. A beautiful building in a beautiful place. Very well kept, painted in ‚Ä¶",5,12,"This is my review of Old Phonix from 2017.
It's a beautiful building in a beautiful place. Very well kept, painted in ‚Ä¶
And that is what's so lovely about it."
13,"A most beautiful and relaxing place, very friendly atmosphere and the best views of the landscape you can get! This family run hotel is very unique, with great food, very nice people - the most authentic greek impression possible. We visit ‚Ä¶",5,12,"A family run hotel is very unique, with great food, very nice people - the most authentic greek impression possible!
The most beautiful and relaxing place, very friendly atmosphere and the best views of the landscape you can get!"
14,I was a spectacular road but also a ¬´hard drive¬ª down the mountain -the last km was on a dirt road. But the view both getting to  the Taverna and sitting at the Taverna was very nice. The Mossaka and the Greek salad tasted very good.,4,12,"The Mossaka and the Greek salad tasted very good.
The last km was on a dirt road.
I was a spectacular road but also a ¬´hard drive¬ª down the mountain."
15,"Food was regular and good, typical greek and fresh. The location sea view was very quiet, fresh, not crowded at all. A pity that the service was not at the same level. It seemed that the waiter , probably even the owner, was not really willing to care about customers.",3,12,"Food was regular and good, typical greek and fresh.
Location sea view was very quiet, fresh, not crowded at all.
A pity that the service was not at the same level."
16,"It's our small paradise on earth. We  came again with our teenagers for a perfect week vacation. Not first and for sure we will come again. Rooms are very simple with a perfect sea view and a balcony. The beach is quiet, clear water. The ‚Ä¶",5,48,"The beach is quiet, clear water.
Rooms are very simple with a perfect sea view and a balcony.
The ‚Ä¶"
17,"My wife and I recently stayed at the Old Phoenix and had the most wonderful stay. If you're looking for simple relaxation - sunbathing, reading, walking and swimming this is a great place. The weather was beautiful as was the scenery. The ‚Ä¶",5,48,"My wife and I recently stayed at the Old Phoenix and had the most wonderful stay.
If you're looking for simple relaxation - sunbathing, reading, walking and swimming this is a great place."
18,"This is the best vacation i have had, the hotel is on an amazing beach and the restaurant has the best food! We had the fresh fish the owners caught on a daily basis and ate other home made food that was cooked! The place is so relaxing and ‚Ä¶",5,48,"The hotel is on an amazing beach and the restaurant has the best food!
We had the fresh fish the owners caught on a daily basis and ate other home made food that was cooked!"
19,I really don't understand how so many people liked the food and the service. In our case we had a waiter constantly coming to our chair to demand 5 euro for the beach seat. ‚Ä¶,1,24,"A waiter constantly came to our chair to demand 5 euro for the beach seat.
I really don't understand how so many people liked the food and the service."
20,"I stayed here with some friends for 6 weeks in 1981. It is a fantastic place to stay for as long as you want. I have been back quite a few times since, the family that run it are very friendly, more like family to me. It is nice to meet the ‚Ä¶",5,108,"I stayed here with some friends for 6 weeks in 1981. It is a fantastic place to stay for as long as you want.
The family that run it are very friendly, more like family to me. It's nice to meet the ‚Ä¶"
21,"You'll pass this place on your hike along this stunning coast. The taverna looks inviting and as modern as Tesla, well at least in these parts. I sat at 1205pm and was told the kitchen doesn't open for 25 minutes...have some stuffed ‚Ä¶",3,12,"The taverna looks inviting and as modern as Tesla, well at least in these parts.
You'll pass this place on your hike along this stunning coast."
22,Beautiful location but if you want a wonderful quiet romantic time don't come when there's a Yoga group here for a week and using amplified vocals on the harbour during the day...Food and Drink fine but noise levels not what the publicity suggests!,3,12,"Beautiful location but if you want a wonderful quiet romantic time don't come when there's a Yoga group here for a week and using amplified vocals.
Food and Drink fine but noise levels not what the publicity suggests!"
23,The strong point of this hotel is its unique location and wonderful views.    The owners are friendly but my bathroom smelled of drains and there was poor grouting with dark brown stains.     The bedrooms were only serviced once every three ‚Ä¶,3,96,"The strong point of this hotel is its unique location and wonderful views.
My bathroom smelled of drains and there was poor grouting with dark brown stains."
24,"Nice and calm place, less traffic than in Loutro. We had a very nice lunch with a Cretan salad and Mousaka. Will surely com back.",5,12,"Nice and calm place, less traffic than in Loutro.
We had a very nice lunch with a Cretan salad and Mousaka. Will surely com back."
25,"We love The Old Phoenix - this is the fourth time we‚Äôve visited in the last ten years or so. It‚Äôs secluded and quiet, and the swimming in the bay is sublime. If you‚Äôre expecting five-star luxury, go somewhere else; this is a traditional ‚Ä¶",5,5,"The Old Phoenix is secluded and quiet, and the swimming in the bay is sublime.
If you‚Äôre expecting five-star luxury, go somewhere else; this is a traditional ‚Ä¶"
26,"Second time here and will be back again. Sparkling clean, excellent Taverna, perfect private beach and friendly stuff. Most beautiful bay in Crete. We love it. Family owned and you can feel it! Thank you and see you next year.",5,48,"Second time here and will be back again.
Sparkling clean, excellent Taverna, perfect private beach and friendly stuff.
Most beautiful bay in Crete. We love it! Thank you and see you next year."
27,"Beautufil place, very nice people and a great kitchen. A place hidden from everything",5,6,"Beautufil place, very nice people and a great kitchen.
A place hidden from everything."
28,"Thought I'd died and gone to heaven! Loved it. Very simple. But that's the attraction. No shops nearby, just sea, mountains, goats and a big sky.......en suite very basic, but adequate. Food fresh and utterly delicious.",5,48,"No shops nearby, just sea, mountains, goats and a big sky.......en suite very basic, but adequate.
Food fresh and utterly delicious."
29,"Secret hotel with its secret beach. Food is delicious (fish from the day mostly). Do not hesitate. You can acces it by boat letting your car on the other side, or by car but the mountain road is a bit difficult, still doable. ‚Ä¶",5,84,"Secret hotel with its secret beach.
Food is delicious (fish from the day mostly). Do not hesitate.
You can acces it by boat letting your car on the other side, or by car."
30,"We stayed here for a day. Cosy place, with really nice view. The food is pretty good. The road to this place is an great adventure.( Little dangerous) 4*4 WD is adviced. ‚Ä¶",5,84,The road to this place is an great adventure.(Little dangerous) 4*4 WD is adviced. ‚Ä¶ ‚Ä¶
31,When we set off from Loutro we didn't know that the village of Phoenix and Finikas bay were around the headland. After a good walk on a hot day we stopped for a drink and a chat with the waiter who gave us an alternative route back to ‚Ä¶,4,36,"The village of Phoenix and Finikas bay are around the headland.
After a good walk on a hot day we stopped for a drink and a chat with the waiter.
The waiter gave us an alternative route back to ‚Ä¶"
32,...nice place...nice cooking...nice cleaning...nice people...fast service...Amazing...!,5,5,......nice place...nice cooking...nice cleaning...nice people...fast service...Amazing...!
33,I want to say thank you very much for all the people right good thinks for this place!!,5,6,I want to say thank you very much for all the people right good thinks for this place!!
34,"Beautiful family run hotel, was highly recommended by a friend so we booked here for a few nights and absolutely loved it. Lovely staff and great food in the restaurant too ‚ò∫Ô∏è",5,12,"Beautiful family run hotel, was highly recommended by a friend so we booked here for a few nights and absolutely loved it.
 Lovely staff and great food in the restaurant too ‚ò∫Ô∏è"
35,"cosy off-site hotel. 15 min walk to next village, best reached by boat or by foot when walking the south coast of Crete.
fresh, delicious food with a lot of local ingredients. really friendly an relaxed staff.",5,108,"cosy off-site hotel.15 min walk to next village.
Best reached by boat or by foot when walking south coast Crete."
36,We shared 3 dishes and thought they were all delicious. Perfect beachy lunch,5,12,"We shared 3 dishes and thought they were all delicious.
Perfect beachy lunch."
37,Silent places with a amazing view and the road until here is breathtaking. Only a few parking lots available Only for guests.,5,12,"Silent places with a amazing view and the road until here is breathtaking.
Only a few parking lots available Only for guests."
38,"We stayed there for 5 days, excellent friendly service all day long, from breakfast  to dinner, super view over the beach and nice rooms ‚Ä¶ we will come again üòÄ ‚Ä¶",5,24,"We stayed there for 5 days, excellent friendly service all day long, from breakfast to dinner.
Super view over the beach and nice rooms ‚Ä¶ we will come again."
39,One of the most beautiful place in Crete! Beautiful place with an amazing beach!! I am amazed by the food! Fresh an tastefull! 100% The 1st place you should visit in Crete!,5,48,"One of the most beautiful places in Crete! Beautiful place with an amazing beach!! I am amazed by the food! Fresh an tastefull! 100%!
100% The 1st place you should visit - Crete."
40,Amazing place.Quite and confortable rooms with a beautifull veiw on the sea.Very good food! The waiters are frendly and nice.Lovely and friendly family.,5,72,"Amazing place. Quite and confortable rooms with a beautifull veiw on the sea.Very good food!
The waiters are frendly and nice.Lovely and friendly family."
41,"By far the worst service anywhere on Crete and Greece. They were rude and lazy... it‚Äôs such a shame that a place like this reflects badly on Greek hospitality, unfortunately the staff definitely weren‚Äôt Greek...",1,48,"By far the worst service anywhere on Crete and Greece.
They were rude and lazy... it‚Äôs such a shame that a place like this reflects badly on Greek hospitality, unfortunately the staff definitely weren‚Äôt Greek..."
42,Great and friendly staff. Limited choice in restaurant. Fantastic view at the seaside.,3,24,"Great and friendly staff. Limited choice in restaurant.
Fantastic view at the seaside."
43,This is a beautiful spot. The E4 passes through the Taverna.,4,11,"The E4 passes through the Taverna.
This is a beautiful spot."
44,Very good accommodation and food in a beautiful area. Great walking.,5,24,"Very good accommodation and food in a beautiful area.
Great walking."
45,"Good hotel, beautiful views of Loutro bay from the terrace and bedrooms, food good.",4,24,"Good hotel, beautiful views of Loutro bay from the terrace and bedrooms, food good."
46,Amazing retreat with great swimming and spectacular views. Good place to get away from it all.,5,72,"Amazing retreat with great swimming and spectacular views.
Good place to get away from it all."
47,The beer was ice cold,5,5,"The beer was ice cold and the beer was cold.
The beer is ice cold."
48,The most peaceful place in Crete and the best choice to eat fresh fish...,5,60,The most peaceful place in Crete and the best choice to eat fresh fish.
49,Perfect goat meat. Do not order fish or other see products.,5,72,"Perfect goat meat. Do not order fish or other see products.
Don't order fish.
Watch the video to learn more about goat meat."
50,One of the cutest hotels ive ever been to + amazing food!!,5,84,One of the cutest hotels ive ever been to + amazing food!!
51,◊û◊ß◊ï◊ù ◊†◊§◊ú◊ê ◊û◊ë◊ó◊ô◊†◊™ ◊î◊†◊ï◊£. ◊î◊û◊í◊ï◊®◊ô◊ù ◊ï◊î◊ê◊ï◊õ◊ú ◊ë◊ô◊†◊ï◊†◊ô,4,60,"◊û◊ß◊ï◊ù ◊†◊§◊ú◊ê ◊û◊ë◊ó◊ô◊†◊™.
 ◊î◊û◊í◊ï◊®◊ô◊ù ◊ï◊î◊ê◊ï◊õ◊ú ◊ë◊ô◊†◊ï◊†◊ô.
"
52,"Basic, but clean and comfortable with good food and a lovely setting",4,84,"Basic, but clean and comfortable with good food and a lovely setting."
53,Just need a bit more wifi signal so you could work at night from your room...,4,60,Just need a bit more wifi signal so you could work at night from your room...
54,Stopped off for a white wine and very nice welcoming people in the place,4,60,Stopped off for a white wine and very nice welcoming people in the place.
55,Nice place for a breakfast or a dinner with a short walk from loutro.,3,96,"Nice place for a breakfast or dinner with a short walk from loutro.
Nice place to get breakfast or a dinner."
56,"Beautiful spot, very good moussaka",5,36,"Beautiful spot, very good moussaka spot."
57,simple rooms but the place is little paradise,4,72,simple rooms but the place is little paradise
58,Please don't go there so you spoil it for everyone one else.,5,36,Please don't go there so you spoil it for everyone one else.
59,◊û◊ß◊ï◊ù ◊û◊ì◊î◊ô◊ù! ◊û◊ï◊û◊ú◊• ◊ë◊ó◊ï◊•,5,96,"Hebrews: ◊û◊ï◊û◊ú◊• ◊ë◊ó◊ï◊•.
Hebrew: ◊ôs◊ù ◊û◊ì◊î◊ô◊ù!"
60,Very good fish,4,12,"Very good fish is very good fish.
Fish is a good fish that is very difficult to catch."
61,"Quiet accommodation,  peaceful.",5,24,"Quiet accommodation,  peaceful peaceful."
62,Great place for a relaxing drink & food,4,60,Great place for a relaxing drink & food.
63,Lovely cove and friendly place,4,24,"Lovely cove and friendly place place with friendly atmosphere.
Friendly place with lots of history and friendly people."
64,Excellent!!,5,12,Excellent!!
65,Outstanding service,5,24,"Outstanding service from our team.
Outstanding customer service."
66,Unpolite staff.,1,60,"Unpolite staff are known to be very friendly.
Unpol has a reputation for being unruly and aggressive."
67,"A little paradise. Beautiful place, spotless tavern, delicious and fresh food. Perfect and fast service from everyone..........Hospitable and loving family business.......We highly recommend you to visit.....",5,5,Hospitable and loving family business.......We highly recommend you to visit.....
68,"Magnificent setting and location, the rooms are pleasant apart from the bathrooms which are basic (shower & shower curtain).
No room service (emptying trash, cleaning, etc.) during the stay, cold welcome, ‚Ä¶",3,6,"Magnificent setting and location, the rooms are pleasant apart from the bathrooms which are basic (shower & shower curtain)
No room service during the stay, cold welcome, ‚Ä¶"
69,"Previously only by boat and no internet available, according to the old travel guides. As times change, an oasis of calm is overtaken by modern times. Either over the mountain (1/2 hour) or around the mountain in 1 hour from Loutro.",5,5,"Previously only by boat and no internet available, according to the old travel guides.
As times change, an oasis of calm is overtaken by modern times.
Over the mountain or around the mountain in 1 hour from Loutro."
70,"Perfect cuisine, very good quality.
Of particular note:
The always friendly head waiter Bio gives competent advice and anticipates every wish.",5,5,"Perfect cuisine, very good quality.
Of particular note: The always friendly head waiter Bio gives competent advice and anticipates every wish."
71,"A holiday paradise that is second to none! We have been regular guests for many years and each time it becomes more difficult to leave. Enjoying the excellent, freshly prepared food on this beautiful terrace is unique. The menu is varied, ‚Ä¶",5,8,"Enjoying the excellent, freshly prepared food on this beautiful terrace is unique.
The menu is varied, ‚Ä¶"
72,Old F√∂nix Hotel. A really wonderful beautiful place to relax. There is a restaurant and bar in the hotel where you will be served excellent traditional and regional food and drinks. There is a pleasant beach right next to the hotel with ‚Ä¶,5,7,"Old F√∂nix Hotel is a really wonderful beautiful place to relax.
There is a restaurant and bar in the hotel where you will be served excellent traditional and regional food and drinks.
A pleasant beach right next to the hotel with ‚Ä¶"
73,"You have to understand the place, isolated in a magnificent little cove that is difficult to access by car. You have to understand the Cretans, they are at home, welcoming and with family, they bring this place to life by making it more ‚Ä¶",5,12,"The Cretans are at home, welcoming and with family, they bring this place to life by making it more ‚Ä¶"
74,The location of the tavern is a dream. A beautiful walk leads from Loutro to this beautifully located bay in half an hour. ‚Ä¶,3,9,"The location of the tavern is a dream.
A beautiful walk leads from Loutro to this beautifully located bay."
75,"You are looking for peace and quiet, this place is made for you A heavenly place surrounded by mountains with a small beach lined with tamarisk trees. Easily accessible, the water is crystal clear. In terms of accommodation, nothing to say, ‚Ä¶",5,9,"A heavenly place surrounded by mountains with a small beach lined with tamarisk trees.
Easily accessible, the water is crystal clear. In terms of accommodation, nothing to say, ‚Ä¶ ‚Ä¶"
76,"It's a lovely place! There aren't many words to define it, but it is definitely a stop that shouldn't be missed on your trip to Crete. Really great food, especially the fish. Excellent value for money (in Italy we dream of prices like this in places like this!",5,12,"Crete is a lovely place, but it is definitely a stop that shouldn't be missed on your trip to Crete.
Excellent value for money, especially the fish!"
77,"The Old Phoenix is ‚Äã‚Äãa great place. Beautiful views, absolute tranquility and very tasty fresh Greek cuisine. The service is very friendly and helpful. I have now eaten almost the entire menu and I cannot say that I was disappointed once. ‚Ä¶",5,12,"The Old Phoenix is ‚Äã‚Äãa great place. Beautiful views, absolute tranquility and very tasty fresh Greek cuisine.
I have now eaten almost the entire menu and I cannot say that I was disappointed once. ‚Ä¶"
78,Small cove between Loutro and Marmara beach. Possibility to rent sunbeds and umbrellas. There is a tavern where you can eat traditional Greek dishes. In addition to the tavern there is also a small hotel.,4,12,"Small cove between Loutro and Marmara beach has potential to rent sunbeds and umbrellas.
There is a tavern where you can eat traditional Greek dishes.
In addition to the tavern there is also a small hotel."
79,"For those seeking peace, calm and serenity, it is an ideal setting with a team that does everything to make your life pleasant. We rented the independent studio, which was perfectly equipped and located a little further away. the charming ‚Ä¶",5,8,"For those seeking peace, calm and serenity, it is an ideal setting with a team that does everything to make your life pleasant.
We rented the independent studio, which was perfectly equipped and located a little further away."
80,"Time stops. Good tavern, the prices in loutro are a little higher than those in Crete. It remains a little corner of paradise ü§© small confidential beach is cool üòé a beautiful place. No one came for the deckchairs. It must be nice to stay the night ‚Ä¶",5,12,"Crete remains a little corner of paradise.
Good tavern, the prices in loutro are a little higher than those in Crete."
81,"For the restaurant, warm welcome and great service with a breathtaking view, very quiet location.
In short, a little corner of paradise",5,6,"For the restaurant, warm welcome and great service with a breathtaking view, very quiet location."
82,"Small pebble beach with crystal clear waters and turquoise backgrounds, uncrowded. We recommend access by boat because access by car is very complicated (winding road in the mountains and stony tracks). The restaurant: Very friendly welcome, excellent service, very good fresh fish. With breathtaking sea views.",5,24,"Small pebble beach with crystal clear waters and turquoise backgrounds, uncrowded.
We recommend access by boat because access by car is very complicated.
Restaurant: Very friendly welcome, excellent service, very good fresh fish."
83,"The Old Phoenix is ‚Äã‚Äãa ""hotel"" in a cove/marina behind Loutro: from Loutro you can get there by boat organized by the tree itself, on foot along a 25 minute path, very pleasant if you don't have luggage, or through a very steep dirt road, ‚Ä¶",4,72,"The Old Phoenix is ‚Äã‚Äãa ""hotel"" in a cove/marina behind Loutro.
You can get there by boat organized by the tree itself, on foot along a 25 minute path, very pleasant if you don't have luggage, or through a very steep dirt road, ‚Ä¶"
84,We stayed in this small bay after walking the trail starting from Loutro. The walk is worth it for the landscape and is not demanding if you don't do it during the hottest hours (it's all in the sun). The beach is small but equipped and the ‚Ä¶,5,72,The beach is small but equipped and the ‚Ä¶ ‚Ä¶ ‚Ä¶
85,"The place has charm, it is unique. Very difficult to reach, we went there by car but the road is challenging (we recommend a 4x4 for safer travel). The beach isn't that great (the water was full of oil). The restaurant is decent, prices are ‚Ä¶",4,120,"The beach isn't that great (the water was full of oil). The restaurant is decent, prices are ‚Ä¶"
86,"Excellent location, the place is paradise, for those who want to be quiet and enjoy the sea, the food, the fresh fish and the company of the locals. Simple, beautiful rooms on the sea! You sleep, eat, swim, all in just a few steps. The ‚Ä¶",5,7,"Simple, beautiful rooms on the sea! You sleep, eat, swim, all in just a few steps.
The ‚Ä¶"
87,"Meal quickly dispatched by ""kindly"" imposing a Greek salad and tzaziki for two. Mini salad, the least garnished we had. Not possible to have dessert, a group from a tour operator chasing us away. The small beach then becomes much less ‚Ä¶",1,12,"Meal quickly dispatched by ""kindly"" imposing a Greek salad and tzaziki for two.
Mini salad, the least garnished we had. Not possible to have dessert.
The small beach then becomes much less ‚Ä¶"
88,"Very nice small family business with simple rooms (all balconies with sea views). The restaurant serves fresh, homemade food every day. Fantastic is the charming and humorous head waiter Bio, who looks after his guests with great attention. ‚Ä¶",5,12,"The restaurant serves fresh, homemade food every day.
Head waiter Bio looks after his guests with great attention."
89,"Beautiful, small hotel right by the sea, adapted to the landscape. Extremely quiet location, only accessible by houseboat. All rooms with sea view and terrace. Great Sfakiotic cuisine and great service. The sea here is still crystal clear, ‚Ä¶",5,60,"Beautiful, small hotel right by the sea, adapted to the landscape.
Extremely quiet location, only accessible by houseboat. All rooms with sea view and terrace. Great Sfakiotic cuisine and great service."
90,"Hotel ideally located by the sea in a quiet area. Beautiful sea view from the rooms.|Basic comfort, clean. |Very good restaurant, especially for fish. |15 minutes from Loutro via a small path, 45 minutes from Mamara. |Only downside, for the ‚Ä¶",4,60,"Hotel ideally located by the sea in a quiet area. Beautiful sea view from the rooms.
Basic comfort, clean, very good restaurant, especially for fish."
91,"The poor rating does not concern the food, which is still good, but the cold and unfriendly service. Only a small portion of the menu dishes they brought to us seemed available. We wanted to finish the meal with coffee but the waiter told ‚Ä¶",2,60,"The poor rating does not concern the food, which is still good, but the cold and unfriendly service.
Only a small portion of the menu dishes they brought to us seemed available."
92,"We have been here for the third time. It's simply quiet here, completely protected from the wind by the white mountains, guaranteed no rain and relaxing. The water is slightly refreshing thanks to cold freshwater springs but very pleasant ‚Ä¶",5,120,"The water is slightly refreshing thanks to cold freshwater springs but very pleasant.
It's simply quiet here, completely protected from the wind by the white mountains, guaranteed no rain."
93,"What a joy to be here once again (I've been coming every year since 1999...).||This family hotel is a treasure. The welcome is friendly, simple, discreet, full of trust. The food is excellent and the products (vegetables; meat, fish, fruit, ‚Ä¶",5,48,"This family hotel is a treasure. The welcome is friendly, simple, discreet, full of trust. The food is excellent and the products (vegetables; meat, fish, fruit, ‚Ä¶ ‚Ä¶) ‚Ä¶"
94,"It must be said, the place is exceptional, timeless, the surrounding landscape very beautiful!||But in terms of authenticity, it leaves something to be desired! Fortunately, the lapping waves of the creek are there to help you forget the ‚Ä¶",3,60,The lapping waves of the creek are there to help you forget the ‚Ä¶
95,"attention: the guesthouse can be reached on foot or by taxi boat. However, don't think you are in a quiet place. Microscopic and crowded pebble beach, if you use the pension's deckchairs and umbrellas you pay. For the restaurant and for ‚Ä¶",1,96,"Microscopic and crowded pebble beach, if you use the pension's deckchairs and umbrellas you pay.
For the restaurant and for ‚Ä¶"
96,"After just a 15-minute walk you can escape the hustle and bustle of Loutro and find a tranquil restaurant with a relaxing, quiet atmosphere. The menu is clear, but completely sufficient for all tastes. The quality was good and the service was very accommodating. A perfect place to relax.",4,48,"After just a 15-minute walk you can escape the hustle and bustle of Loutro.
The quality was good and the service was very accommodating."
97,"Warm welcome and magnificent setting.
Discovered by a GPS error.
Complete and appetizing breakfast. ‚Ä¶",5,24,"Warm welcome and magnificent setting.
Discovered by a GPS error."
98,"So far everyone in every restaurant in Greece has been very hospitable, cheerful and generous. In this restaurant they seem stressed and rushed, when it is already a bit full you notice the stress. The staff gives the impression that they ‚Ä¶",2,36,"So far everyone in every restaurant in Greece has been very hospitable, cheerful and generous.
In this restaurant they seem stressed and rushed, when it is already a bit full you notice the stress. The staff gives the impression that they ‚Ä¶"
99,"Reached by boat or a 7-minute walk along a goat path from the lively port of Loutro, the small bay with the only hotel/restaurant feels like an enchanted place. A place of peace, relaxation, good food and friendly gastronomy. And a good starting point for hikes, especially to the nearby Aradena Gorge.",4,96,"The small bay with the only hotel/restaurant feels like an enchanted place.
It's a place of peace, relaxation, good food and friendly gastronomy.
A good starting point for hikes, especially to the nearby Aradena Gorge."
100,"Remote but accessible, family-friendly and warm, you eat very good traditional Greek cuisine at an affordable price. Close to marmara and loutro without having the disadvantages. We come back regularly as a family. The rooms are simple but all have air conditioning, fan, hairdryer and terrace overlooking the sea...",5,72,"The rooms are simple but all have air conditioning, fan, hairdryer and terrace overlooking sea.
Close to marmara and loutro without having the disadvantages.
We come back regularly as a family."
101,"at first I thought I would feel like a prisoner of this place which is a bit difficult to reach and leave, but I soon realized that it is the starting point to go to Marmara, Sweet waters and of course Loutro. The quality of the food is ‚Ä¶",4,120,The quality of the food is ‚Ä¶
102,"Secluded, pleasant, only accessible on foot or by boat - great. The food is good, after a while there's a bit of a lack of variety (but that's generally the case in Crete; fish, feta and tomatoes then become a bit bland) but a great tip for ‚Ä¶",4,48,"Secluded, pleasant, only accessible on foot or by boat - great.
The food is good, after a while there's a bit of a lack of variety.
But a great tip for ‚Ä¶"
103,"Thank you for the always very pleasant welcome and service at the Old Phoenix!|Very good grilled sardines. We also come back for the dakos, and always a free raki at the end of the meal - have a good visit and hope you like this place, the beach is also nice",5,12,"Good grilled sardines, good dakos and free raki at the end of the meal.
Have a good visit and hope you like this place."
104,"Those who like peace and quiet will certainly appreciate this place. You can reach the hotel by taking the boat from Loutro. The rooms are simple, but the view from your balcony is priceless. Loutro can be reached on foot within 30 minutes ‚Ä¶",4,132,"Loutro can be reached on foot within 30 minutes.
The rooms are simple, but the view from your balcony is priceless."
105,Fantastic! Food comes straight from the sea for you. To get there by car it is better to rent a 4X4 :-) By car it is doable if you are not afraid of heights and can drive well and quietly. By boat or on foot it is a lot easier and is a ‚Ä¶,5,96,"By car it is doable if you are not afraid of heights and can drive well and quietly.
By boat or on foot it is a ‚Ä¶"
106,"Quiet place, ideal for a relaxing holiday. The road to get there is a bit long, unpaved and bumpy. Friendly and helpful owners, slightly rustic waiters (all male). Clean rooms. A somewhat Spartan place, not as refined as it seems from the outside. ""Seaside refuge"" environment. Advised",4,96,"Quiet place, ideal for a relaxing holiday.
Road to get there is a bit long, unpaved and bumpy.
Friendly and helpful owners, slightly rustic waiters."
107,"either by boat or with an off-road vehicle but then an enchanting place. I just ate with a breathtaking view of a cobalt blue sea. Mediterranean atmosphere like you don't meet anymore, simple people like those of the past. good food and unique mountain honey.",4,120,"Mediterranean atmosphere like you don't meet anymore, simple people like those of the past.
Good food and unique mountain honey."
108,"Loutro is a little gem in southwest Crete. Because you can only reach the town by car by ferry, Loutro is practically car-free. The place, decorated entirely in white and blue, is located in a sheltered bay with crystal clear water.||The ‚Ä¶",4,72,"Because you can only reach the town by car by ferry, Loutro is practically car-free.
The place, decorated entirely in white and blue, is located in a sheltered bay with crystal clear water."
109,"Close to the Aradena and Loutro gorges and on the water's edge, this place is ideal for those who want to stop time. The welcome is very friendly, the staff ready to find solutions for our comfort. The rooms are simple. I recommend the walk from there to Hora Sfakion, on the mountainside, then return by ferry to Loutro.",5,72,"Close to the Aradena and Loutro gorges and on the water's edge, this place is ideal for those who want to stop time.
The welcome is very friendly, the staff ready to find solutions for our comfort.
The rooms are simple. I recommend the walk from there to Hora Sfakion, on the mountainside."
110,A very nice place to relax. The rooms are old but the view and proximity to the clear sea are beautiful. The food in the evening is also great. The breakfast didn't convince us.,4,48,"The rooms are old but the view and proximity to the clear sea are beautiful.
The food in the evening is also great. The breakfast didn't convince us."
111,"07.10.2019. I didn't eat there or stay there. I only passed through it while hiking but I actually found that it is an excellent landmark, very precisely located by Google, for hiking either towards Marmara beach to the west or towards the ‚Ä¶",5,48,"Google Maps found Marmara beach to the west or towards the ‚Ä¶.
I didn't eat there or stay there."
112,"Nicely located restaurant, unfortunately the service is not the best. The waiter extremely
musty and not exactly friendly. üëé ‚Ä¶",4,24,"Nicely located restaurant, unfortunately the service is not the best.
The waiter extremely ‚Äòmusty and not exactly friendly‚Äô"
113,"The Old Phoenix manages to reach 3 balls only thanks to the location and the tranquility emanating from the rooms with a suggestive sea view, certainly not thanks to the terrible cuisine and the desire of the staff to make you feel ‚Ä¶",3,96,The Old Phoenix manages to reach 3 balls only thanks to the location and the tranquility emanating from the rooms with a suggestive sea view.
114,Old Phoenix is ‚Äã‚Äãdefinitely recommended the hotel and the view are fantastic and the service 5/5 the waiter is very funny and nice Bio I have been there many times now and I love it,5,10,"Old Phoenix is ‚Äã‚Äãdefinitely recommended the hotel and the view are fantastic.
The service 5/5 the waiter is very funny and nice Bio I have been there many times now and I love it."
115,You have to be motivated to get there because there is no road but a steep and winding track... The game is worth the effort,5,10,"You have to be motivated to get there because there is no road but a steep and winding track...
The game is worth the effort..."
116,"Scammers / Liars / ŒëœÄŒ±œÑŒµœéŒΩŒµœÇ - Œëvoid this place, its dirty, no charm and waiters stare at you like rapists. To be avoided at all costs: dirty, waiters who complain and the boss who cheats on room prices at the start. ŒùŒ± œÑŒø Œ±œÄŒøœÜœçŒ≥ŒµœÑŒµ. ‚Ä¶",1,72,"To be avoided at all costs: dirty, waiters who complain and the boss who cheats on room prices at the start.
Scammers / Liars /.
Its dirty, no charm and waiters stare at you like rapists."
117,"We arrived at 7 p.m. without reservation, the boss gave us a room and served us a very good meal, very welcoming and respectful staff. The next day we went to Loutro on foot, a very good path connecting the hotel and Loutro. We will stay again if we come to the area",5,48,"We arrived at 7 p.m. without reservation, the boss gave us a room.
The next day we went to Loutro on foot, a very good path connecting the hotel and the hotel.
We will stay again if we come to the area."
118,"Magnificent place, very pleasant and kind staff but the bedding is very very hard and the tavern serves traditional dishes for tourists... Finally the road, if you are adventurous, go there, otherwise take the boat to Chora Sfakion.",3,24,"If you are adventurous, go there, otherwise take the boat to Chora Sfakion.
Magnificent place, very pleasant and kind staff but the bedding is very very hard."
119,"Magnificent landscape, even more beautiful than the postcards. Warm welcome, the people are lovely. Authentic cuisine, you will eat very well.
Absolutely have!
Is unique, is my paradise!!!",5,72,"Authentic cuisine, you will eat very well.
Absolutely have!
Is unique, is my paradise!!!"
120,"We arrived in Old Phoenix in the afternoon via sea. The boat slowly slipped into a bay of turquoise water where the hotel was beautifully situated at the end, and we were welcomed by a friendly host. Every morning we woke up to only sounds ‚Ä¶",5,72,"The boat slowly slipped into a bay of turquoise water.
Every morning we woke up to only sounds ‚Ä¶"
121,"Beach okay, service rather unfriendly and money-oriented, a shame. Ate there today, quite a rip off there 4 euros for bread that I didn't order and 4 euros for horrible tzatziki. Avoid.",1,12,"Beach okay, service rather unfriendly and money-oriented, a shame.
Ate there today, quite a rip off there 4 euros for bread that I didn't order.
AvoidAvoid."
122,We arrive here after a short hike from Loutro.||The hotel and restaurant are located in an adorable bathing bay.||You are greeted so warmly by the staff and genuine dishes prepared by the family are served.||It is as if you find yourself 50 ‚Ä¶,5,36,"The hotel and restaurant are located in an adorable bathing bay.
It is as if you find yourself 50 ‚Ä¶"
123,Beautiful little bay with paid sunbeds and umbrellas. Tavern where we enjoyed excellent grilled sardines.,4,24,"Beautiful little bay with paid sunbeds and umbrellas.
Tavern where we enjoyed excellent grilled sardines."
124,"The palm of Sfakion province, is a quiet deserted port located on the South side of the WHITE MOUNTAINS
The family of ""ATHITIDES"" ‚Ä¶",5,36,"The palm of Sfakion province is a quiet deserted port located on the South side of the WHITE MOUNTAINS.
The family of ""ATHITIDES"" ‚Ä¶"
125,"Great location of course!
Delicious seasonal meats!",5,7,"Great location of course!
Delicious seasonal meats!"
126,"Great peaceful place to relax and enjoy your holiday. Not a super luxury place, but nice and clean. Wonderful nature and lovely close to Loutro, where you can shop and enjoy good local food. The water is among some of the best I have swum ‚Ä¶",5,84,"Great peaceful place to relax and enjoy your holiday.
Beautiful nature and lovely close to Loutro, where you can shop.
Water is among some of the best I have swum."
127,Excellent beach with really beautiful spots to swim and appreciate the true colors of Greece,5,12,Excellent beach with really beautiful spots to swim and appreciate the true colors of Greece.
128,"Nice service, good food, friendly people, good rooms and beautiful scenery. Definitely worth a visit üëç ‚Ä¶",5,12,"Nice service, good food, friendly people, good rooms and beautiful scenery.
 Definitely worth a visit."
129,"getting here is easy by boat from Chora Sfakion and much more difficult by car by taking a detour - the road is very narrow and intended for off-road vehicles, much worse than on Balos. But the water here is crystal clear, the boats seem to float in the air.",4,60,"Getting here is easy by boat from Chora Sfakion and much more difficult by car.
The road is very narrow and intended for off-road vehicles, much worse than on Balos.
But the water here is crystal clear, the boats seem to float in the air."
130,"If you want time and peace for reflection, this hotel is excellent. They are all alone in a bay and have an excellent restaurant. There are relatively few tourists and you have access to hikes in the mountains, as well as in a large gorge. ‚Ä¶",5,120,"If you want time and peace for reflection, this hotel is excellent.
They are all alone in a bay and have an excellent restaurant.
You have access to hikes in the mountains, as well as in a large gorge."
131,"For the first time, my wife and I have taken a vacation the way a vacation should be taken. After 14 days in Old Phoenis, we are totally rested and ready for the next year's work. It is the first time we visited the place, and we really ‚Ä¶",5,144,"""For the first time, my wife and I have taken a vacation the way a vacation should be taken""
""After 14 days in Old Phoenis, we are totally rested and ready for the next year's work"""
132,"Unique location that came out of heaven!! The sea is crystal blue and the waters very clear!
I highly recommend it, however, to get there you will have a little difficulty ‚Ä¶",5,24,"Unique location that came out of heaven!! The sea is crystal blue and the waters very clear!
I highly recommend it, however, to get there you will have a little difficulty ‚Ä¶"
133,"We came to Old Phoenix by car - it is not recommended if you do not have a car with good ground clearance and good nerves. The hotel is beautifully situated in the bay west of Loutro. There is a simple standard, friendly service and clean ‚Ä¶",4,84,"The hotel is beautifully situated in the bay west of Loutro.
It is not recommended if you do not have a car with good ground clearance and good nerves."
134,Obviously the setting is magnificent but it is a real shame that the managers and staff are not welcoming.... they don't care! if you go there check the price of your nights when you arrive. Disappointing.,1,72,The setting is magnificent but it is a real shame that the managers and staff are not welcoming.... they don't care! if you go there check the price of your nights when you arrive.
135,"Arrived on a warm June evening by sea. The surroundings were as beautiful as a postcard, the sounds were grasshoppers, lapping waves and goats.||Good traditional food served on checkered tablecloths with the finest sea view.||You almost have to pinch your arm not to believe it's just a dream.",5,72,"The sounds of grasshoppers, lapping waves and goats were as beautiful as a postcard.
Good traditional food served on checkered tablecloths with the finest sea view."
136,"Just, perfect, very friendly staff, comfortable rooms, delicious food, very comfortable beaches, only drawback, in the morning, the local taxi boat warms up its engine and during breakfast, it's not the most pleasant, but, fault quickly erased when you get up around 10 a.m., so go for it, it's worth it",4,48,"In the morning, the local taxi boat warms up its engine and during breakfast, it's not the most pleasant.
But, fault quickly erased when you get up around 10 a.m., so go for it. It's worth it.
Just, perfect, very friendly staff, comfortable rooms, delicious food, very comfortable beaches."
137,"Heavenly place in a small hidden cove, the restaurant is nice but the hotel is a little disappointing: cold water in the shower, wifi too slow to use, very dirty floor.",3,48,"Heavenly place in a small hidden cove, the restaurant is nice but the hotel is a little disappointing.
Cold water in the shower, wifi too slow to use, very dirty floor."
138,"Picturesque view, sitting right on the water. Just had something to drink in the restaurant. But you can settle here.",5,48,"Picturesque view, sitting right on the water. Just had something to drink in the restaurant. But you can settle here."
139,"It is a resort in South Crete. The rooms are clean although many of them are very old. The owners are helpful and quite willing. The food is very good but expensive! I justify the cost as the food is brought in by boat, but I guess a lot of it is home grown. The view from the rooms is perfect!!!",4,120,"The rooms are clean although many of them are very old.
The food is very good but expensive!
The view from the rooms is perfect!!!"
140,"Badly received twice over two years, we've been coming to the area for six years, now we don't stop...when we go to Marmara Beach...we prefer to eat at Loutro or Marmara.",1,72,"Badly received twice over two years, we've been coming to the area for six years.
Now we don't stop...when we go to Marmara Beach...we prefer to eat at Loutro."
141,"Words are unnecessary for Finikas of Sfakia! ||Small port of the South, next to Loutro. The crystal clear waters invite you! And the restaurant above, offers traditional local flavors in a Parisian environment on the ground floor of an old ‚Ä¶",5,72,"Finikas of Sfakia is a small port of the South, next to Loutro.
The restaurant above, offers traditional local flavors in a Parisian environment."
142,"A magnificent place in the south of the ridge, a tavern with quality cuisine, a warm welcome from the waiter who made the effort to speak French",5,24,"A magnificent place in the south of the ridge, a tavern with quality cuisine.
A warm welcome from the waiter who made the effort to speak French."
143,"I have been a very long-time regular (15 years) at this guesthouse in southern Crete.||The charming and attentive welcome from the family and staff, the simple and delicious food, the tranquility, the charm of the site and the beauty of this small cove, make it a ||restful and beneficial stay.",5,48,"I have been a very long-time regular (15 years) at this guesthouse in southern Crete.
||The charming and attentive welcome from the family and staff, the simple and delicious food, the tranquility, the charm of the site and the beauty of this small cove make it a ||restful and beneficial stay."
144,"Hidden spot, you can swim and snorkel there. Crystal clear water with lots of fish.",4,48,"Crystal clear water with lots of fish is a great spot for snorkeling.
You can swim and snorkel in Crystal clear water."
145,Very good food and warm people...,5,10,Very good food and warm people...
146,"Very nice beach.
Good service, very nice tastes in the tavern.",5,12,"Very nice beach.
Good service, very nice tastes in the tavern."
147,Beautiful beach with emerald waters. The food in the tavern is excellent.. Don't forget to try the zigariasto and the Sfacian pies for breakfast,5,60,"Beautiful beach with emerald waters.
The food in the tavern is excellent.
Don't forget to try the zigariasto and the Sfacian pies for breakfast."
148,Expensive tavern for no reason!! far away!!!,1,7,Expensive tavern for no reason!! far away!!!
149,"Food of a high standard with a beautiful view of the bay, despite the difficult commute, it is really worth it",5,24,"Food of a high standard with a beautiful view of the bay, despite the difficult commute, it is really worth it."
150,"Very nicely located and not too crowded.
Prices are ok",5,12,"Very nicely located and not too crowded.
Prices are ok."
151,"The place is just perfect, the absolute relaxation!!! The food is excellent in the tavern. Hospitable people!",5,24,"The place is just perfect, the absolute relaxation!!! The food is excellent in the tavern.
Hospitable people!"
152,Very beautiful and pleasant place..with hospitable people and a very nice atmosphere..,5,48,Very beautiful and pleasant place..with hospitable people and a very nice atmosphere..
153,A real paradise on earth of quiet and meditation.,5,12,A real paradise on earth of quiet and meditation.
154,calm place to relax!! ideal for swimming and for children!! calm sea and the main Wi-Fi Code!!,5,72,calm place to relax!! ideal for swimming and for children!! calm sea and the main Wi-Fi Code!!
155,"Difficult access, small beach with pebbles and not clean.",3,24,"Difficult access, small beach with pebbles and not clean."
156,The service was very slow and the Greek salad was the most expensive and smallest from the visit to Crete,2,24,The service was very slow and the Greek salad was the most expensive and smallest from the visit to Crete.
157,Delicious food and friendly service at affordable prices üòÅ ‚Ä¶,5,10,Delicious food and friendly service at affordable prices.
158,"Fantastic location...
Incredible sea.... Turquoise waters...",5,24,Fantastic location...Incredible sea.... Turquoise waters...
159,Excellent location for relaxing and enjoying the sea and landscape,5,24,Excellent location for relaxing and enjoying the sea and landscape.
160,I've been going to this place for as long as I've been alive and I've never gotten bored,5,48,"""I've been going to this place for as long as I've been alive and I've never gotten bored"""
161,"Here we only took a bath before leaving, after having been to Loutro, this is also worth it.",4,72,"Here we only took a bath before leaving, after having been to Loutro, this is also worth it."
162,Beautiful place ! Clear water ! Quiet and welcoming environment!,5,24,Beautiful place! Clear water! Quiet and welcoming environment!
163,"Charming place - nice owner - food is good, but sometimes a bit greasy",4,84,"Charming place - nice owner - food is good, but sometimes a bit greasy."
164,"Fabulous place, cut off from the world, simple but so authenticüèñ very warm welcome ‚Ä¶",5,84,"Fabulous place, cut off from the world, simple but so authenticüèñ very warm welcome ‚Ä¶"
165,Super nice place with unique charm!,5,12,Super nice place with unique charm!
166,"An excellent place for a secluded holiday for lovers of the sea, sun, underwater photography and hiking.",4,72,"An excellent place for a secluded holiday for lovers of the sea, sun, underwater photography and hiking."
167,Very helpful polite staff and good food,5,24,"Very helpful polite staff and good food.
Good food and polite polite staff."
168,"Authentic, simple, perfect!",5,7,"Authentic, simple, perfect!"
169,"Very good cuisine, friendly staff, gladly again",5,48,"Very good cuisine, friendly staff, gladly again."
170,Nice tavern on a secluded beach.,3,12,"Nice tavern on a secluded beach with secluded beaches.
The tavern is located on the secluded coast of South Africa."
171,Fantastically beautiful nature. Lovely food and super service.,5,48,Fantastically beautiful nature. Lovely food and super service.
172,Good service and reasonable prices. Fantastic location and good food.,5,60,"Good service and reasonable prices.
 Fantastic location and good food."
173,Great hospitality and unique people!!,5,48,Great hospitality and unique people!!
174,"Beautiful environment, good food, clean sea",5,60,"Beautiful environment, good food, clean sea and good environment."
175,Nice bar/restaurant on a lovely beach,5,24,Nice bar/restaurant on a lovely beach.
176,Finkas vendi ma imir per pushume ushcimet mate mira,5,72,Finkas vendi ma imir per pushume ushcimet mate mira.
177,Very good service,5,9,"Very good service, very good service."
178,"Good food, relaxed environment",4,24,"Good food, relaxed environment and good food.
Good food and relaxed environment."
179,"...a great, quiet place in the southwest of Crete...",5,48,"A great, quiet place in the southwest of Crete..."
180,Very good restaurant and super nice,4,84,Very good restaurant and super nice nice restaurant.
181,Magical atmosphere and tranquility!,4,72,Magical atmosphere and tranquility!
182,The perfect view!,5,24,The perfect view!
183,Yummy,3,24,"Yummyummy yummyummy.
Yummy."
184,Very beautiful!,5,24,Very beautiful!
185,Flawless,5,48,"Flawless and lawless lawless, lawless lawyer says.
Lawless lawyer calls lawless practice ""flawless""
Lawyer: Lawless lawyer is ""foolless"""
186,Everything is great!!,5,36,Everything is great!!
187,Amazing place,5,120,"Amazing place, amazing place.
Amazing place."
188,Magical place.,5,36,"Magical place in the world.
Magical places.
magical place."
